8/3/2025,58477632,-16233.03,99718207,-11743.33,19661400,2380.24,77555095,-7042.37,99819074,-3991.17,12807889,-11190.53,45974428,-16743.32
10/12/2024,99819074,14310.93,67053439,-19372.02,86624675,18609.10,38507738,510.87,74183799,11542.77,85374516,1464.16,11379018,-19145.43
21/2/2026,70642877,10686.02,65453860,9489.56,16015071,10102.90,45974428,17569.28,61438463,-18794.44,30626250,4368.74,35968268,-17068.16,16015071,6178.25,64627562,16461.39,99718207,3895.53
12/12/2025,32229412,-15969.76,62490848,-14911.59,94017458,-5797.52,35894393,-13455.14,84455439,-3535.29,81890953,-9126.01,15792945,-19218.30,90334731,15716.24,81730833,-13947.26,21356056,17001.95,38507738,-9991.47,46261631,12092.75
21/1/2025,50954782,7853.94,70642877,16532.39,56325275,-1811.00,58293594,3126.72,14398081,18507.93,38507738,2117.47,46751817,214.87
22/6/2025,46751817,-1757.59,56516447,-16271.20,81890953,9662.20,24157763,-17100.11,75392636,6661.53,81890953,1732.83,24376652,8305.61,61438463,17470.51,81730833,-14572.03,56325275,17063.38,16721636,12028.93,50323749,-6665.76,48980155,-16189.58
23/10/2025,50954782,-8906.55,69702125,12816.38,50954782,5165.75,35894393,401.90,84455439,19253.56,99819074,-3048.92,96248134,9057.21,67392071,324.70
8/1/2026,41752551,-3843.49,18990676,-13934.54,35968268,-8210.41,75392636,8911.02,56325275,12315.56,84455439,3768.49,24157763,6422.50,75392636,-7738.92,35894393,-1130.41,24157763,-19162.00
2/11/2024,67392071,14445.59,71839426,15211.07,70642877,-18247.08,14398081,10907.03,64627562,-17161.58
17/1/2025,66924485,-4454.77,35894393,1826.11,89064460,19263.86,45974428,-17441.52,14398081,6860.28,48980155,-17461.61,81890953,9721.31
5/3/2026,16015071,-17318.54,50753932,14513.12,19343103,17277.50,38099749,2248.90,49777317,-1685.91,48980155,-17907.09,18990676,4502.07,64627562,-10631.56,83505777,-8376.55,81730833,17442.31
23/12/2025,67053439,6285.92,64627562,17893.26,81890953,-17697.65,35894393,6287.39,84455439,-11817.89,14398081,3276.45,41752551,-12510.50,62318408,-10671.04,49588036,6616.93,90334731,-19055.75
24/3/2025,69702125,14378.14,46261631,11950.88,15544912,7944.90,75392636,-2061.46,75392636,18545.60,99819074,-11902.67,36041699,-6517.96
27/10/2025,85374516,9360.22,86624675,-2003.44,61438463,-3894.76,24376652,-7245.80,58477632,-96.05,66924485,9107.56,55744475,-15288.69,70642877,-12212.24
31/5/2025,67053439,-8197.88,96248134,-166.91,21356056,-15895.36,80479769,-5942.12,62647143,-15715.14,54193859,7516.57,85374516,15666.03,24157763,-4757.93,30626250,-9402.59,35894393,16703.04,59754237,-2126.85,58293594,-8289.31,70642877,-16642.19
24/7/2025,21356056,15081.01,99819074,12432.89,77555095,3520.37,67053439,12470.96,81730833,-7309.32,80009970,-4758.66,50753932,-5198.62,56325275,488.16,24157763,-13467.96,54193859,-9117.25,80479769,-6588.32,36041699,15871.83,12807889,17213.05
29/7/2025,84455439,-13432.17,90334731,-16443.10,58293594,2786.90,59754237,-1144.80,65453860,-2003.55,46261631,-5557.47,80009970,-17148.20,24157763,-14971.26,16015071,17077.06,67392071,12182.06,89064460,8358.92,41752551,14041.49,79045799,12624.14
4/11/2025,35894393,7181.31,64584439,-6138.21,58293594,17215.57,75392636,5614.69,19343103,-14965.18,59754237,2815.81,74183799,-9181.26,64627562,18116.34
10/2/2026,99819074,6648.07,90334731,8258.34,94017458,-12180.21,58477632,-1231.93,16015071,14723.02,62490848,-10759.19,67392071,-13293.35,56516447,10785.06,38507738,-18058.38,46261631,18385.00
15/3/2026,66924485,-19345.72,19343103,18032.49,35894393,9637.63,80479769,-13937.58,66924485,18042.75,67053439,123.45,24157763,-17403.64,54193859,-8247.63,38507738,7189.92,74183799,175.84
13/1/2025,16015071,5752.05,21356056,1255.43,56516447,13519.97,56516447,-11028.67,82950403,-12024.74,70642877,19213.54,81890953,-5318.09
4/5/2025,15544912,-12680.98,74183799,-11047.39,19661400,11051.79,55744475,-18678.33,80479769,-4381.20,67053439,-1379.11,48980155,-2007.37,48980155,16226.05,57121426,12046.35,50323749,8340.19,16721636,7576.74,69702125,18779.97,61438463,-14969.73
12/5/2026,84455439,-1950.37,59754237,19849.32,59754237,35.58,70642877,9232.49,80009970,11968.86,36041699,-3988.40,35894393,-7394.57,69702125,-8125.12,70642877,-7586.76,50323749,18620.73
14/9/2025,62318408,-301.48,83505777,3211.64,62318408,-14616.21,58293594,-3706.01,69702125,-14297.60,61438463,-8086.32,61438463,-9957.05,99819074,-15685.14,62490848,-12759.83,46751817,-10638.68,70642877,7232.58,81730833,-12483.62,94017458,-7879.87
6/1/2026,58293594,2567.48,18990676,10619.31,79045799,-5252.23,80009970,-5842.19,99718207,-16890.30,57121426,-13525.88,24157763,13932.82,16721636,11936.65,19661400,-3507.98,94909241,8602.09
27/5/2025,38507738,-5274.75,45974428,-5577.77,81890953,-19254.54,55744475,19033.51,18923782,-2086.29,65453860,1603.89,96248134,13015.88,81730833,15162.01,50323749,-15949.46,48980155,-11217.28,94909241,-7345.55,24157763,-9616.33,96248134,-3870.88
9/2/2026,50323749,4502.48,90334731,5412.42,62647143,16214.31,18027503,-14020.47,65453860,13692.60,14398081,-19906.39,48980155,-5896.16,80009970,16785.32,67392071,-18767.81,55744475,-1360.36
7/5/2025,84455439,-4179.87,49777317,-19577.19,80009970,16315.96,55744475,-16996.21,82950403,-6055.59,82950403,-16730.99,14398081,-4895.85,58477632,-2258.91,35968268,8281.70,38099749,14049.11,84455439,2915.78,67053439,-7591.53,90334731,6265.16
6/3/2025,45974428,-19325.21,80479769,6224.02,94017458,13231.44,81890953,7991.57,67053439,-4901.41,18923782,10919.85,56516447,8164.65
21/4/2026,46261631,-1693.83,36041699,7031.79,79045799,-2981.40,49588036,15619.67,94909241,-16822.04,19343103,15331.22,81730833,-1634.15,46261631,-10541.01,30626250,-10607.17,18923782,-16763.50,67053439,-4058.31,83505777,16801.90,50753932,19826.12,56516447,4440.82,75426881,9477.72
5/5/2026,94017458,1540.57,41186299,2445.10,94909241,-5710.85,85374516,1474.33,80009970,13426.54,35894393,-13453.44,75426881,-17568.60,34277177,-17764.54,71839426,1691.27,83505777,-7174.03,64627562,15098.04,41186299,17258.25,65453860,-19092.74,16015071,-6639.66,71839426,-17959.29
5/9/2025,32229412,10432.54,81730833,-5000.46,96248134,13443.73,64627562,-12448.99,49588036,-15711.35,62647143,12690.98,46751817,-4797.58,84455439,-4238.06,21356056,-4326.96,79045799,16954.79,94909241,5948.37,70642877,19645.82,57121426,-11187.76
3/11/2025,56516447,534.98,24157763,-12961.36,70642877,19949.90,94017458,-10793.49,12807889,-6452.02,49777317,-12757.64,67392071,-19287.38,80009970,-15552.62
24/10/2024,62647143,5157.68,48980155,7613.42,80479769,-4069.02,67053439,1623.50,59754237,5581.23
17/3/2026,50323749,5392.59,18923782,15532.44,67053439,-10376.49,46261631,-6376.21,15792945,-10145.34,69702125,14848.75,45974428,798.30,49777317,-7074.89,11379018,9025.84,18027503,-3064.35
2/5/2025,16015071,4525.99,24376652,16768.30,46751817,16448.47,83505777,16023.67,99819074,4830.56,94017458,-15989.75,65453860,-2489.71,32229412,19617.52,75426881,17855.62,15792945,4123.59,19343103,-9723.09,85374516,-16314.61,18923782,4252.09
11/1/2025,56516447,15568.53,50954782,-817.26,94909241,10672.71,62647143,12.36,62490848,-8722.31,71839426,8360.16,15544912,-15246.96
2/4/2026,83505777,-9645.75,30626250,13511.64,41186299,359.57,50323749,-2004.78,80479769,-19593.95,19343103,-10239.34,12807889,939.22,57121426,986.94,50753932,17579.60,79045799,17455.92,54193859,-9993.24,59754237,-5464.97,50954782,19753.91,99718207,5231.79,15792945,9850.51
2/12/2024,84455439,13911.15,15792945,13435.28,80009970,15837.75,54437780,19497.80,80009970,4092.71,35894393,17213.02,16721636,-9004.44
4/4/2026,70642877,-18243.92,96248134,-19139.54,59754237,-4962.14,89064460,-8043.20,82950403,9723.30,46261631,1891.78,30626250,5315.45,56325275,-13992.30,30626250,-12769.57,19661400,14941.09,49777317,-1455.44,15544912,5056.85,18027503,14385.18,81890953,4991.11,18990676,-1585.53
23/2/2025,32229412,-8828.96,38099749,8614.81,65453860,9015.09,69702125,-12832.47,46261631,-5372.88,82950403,-4644.27,50954782,-4673.85
25/11/2024,56325275,16163.75,57121426,-1564.04,56325275,19039.93,35894393,1574.15,36041699,-11903.19,71839426,18465.35,24376652,19560.36
21/3/2026,69702125,7971.86,12807889,9712.53,62647143,2153.25,94017458,15690.38,65453860,13754.12,83505777,-13018.61,65453860,7032.83,86624675,-13767.49,38507738,-10038.33,11379018,-18704.97
7/10/2024,61438463,-18336.45,90334731,18538.03,48980155,1443.16,30626250,-13874.35,38507738,-14445.57
2/1/2025,12807889,-10265.08,50954782,-16008.71,66924485,-3633.49,99718207,6525.00,21356056,-6323.78,56325275,-18154.54,50954782,-19670.62
24/1/2026,56325275,-4607.42,74183799,-12625.90,64584439,10970.94,81890953,-4589.35,62318408,10659.50,35894393,2931.06,54193859,6517.71,24376652,-14276.31,59754237,-16264.56,66924485,-6695.89
2/7/2025,36041699,18543.26,15544912,-16687.75,99718207,5447.42,18027503,14282.66,12807889,-13889.09,16721636,-9624.92,86624675,15063.61,71839426,-13687.30,84455439,11435.10,19661400,-17741.70,54437780,-15942.70,46261631,-13761.15,62490848,-18083.56
3/2/2026,50323749,7497.76,77555095,-7228.21,41752551,-16875.84,54193859,-15927.96,54193859,-16235.57,64584439,7384.79,61438463,-14651.85,34277177,-5388.77,81890953,4389.13,62490848,17739.80
13/10/2024,11379018,7765.25,15792945,-2608.55,81730833,-13515.34,38507738,-2182.09,19661400,-14089.08
31/8/2025,21356056,14756.53,58293594,-1793.56,82950403,-9206.86,50954782,5724.35,50954782,8516.09,57121426,5361.47,85374516,-4246.47,71839426,-14650.74,67392071,15996.06,79045799,9763.81,24157763,-16063.74,81730833,8209.82,50954782,-9996.03
11/5/2026,56325275,4974.80,62647143,3344.62,18990676,2070.54,75426881,230.73,81730833,15344.73,64584439,-3300.34,94017458,-16512.89,54193859,17451.49,54193859,6411.23,18027503,14570.81,15544912,1337.62,24157763,1210.90,67053439,11924.51,24376652,7615.51,24376652,-5055.97
26/3/2026,55744475,-12568.62,50954782,-22.95,45974428,10717.30,30626250,-15904.27,56325275,9083.62,89064460,6014.61,50323749,-8289.92,46751817,6274.15,49588036,-11965.92,32229412,-4973.02,85374516,-14317.42,35968268,17324.20,61438463,-383.01,54193859,4399.66,94909241,763.14
17/10/2025,57121426,13986.32,59754237,-4192.00,21356056,-13868.36,54193859,18526.04,35894393,-6813.86,62490848,-2545.13,54193859,1991.82,35894393,11055.88
27/11/2024,19343103,17239.47,75392636,15182.21,66924485,-12717.52,50753932,15024.58,89064460,4319.74,70642877,11111.12,50954782,3498.95
18/4/2025,34277177,770.54,82950403,9717.94,24157763,-3307.49,57121426,-7486.90,45974428,13832.33,15544912,4120.11,99819074,2071.83
10/5/2025,64584439,5207.99,24376652,10315.66,19661400,3951.01,66924485,-15593.86,18990676,-19332.63,38099749,-12791.61,18990676,-10775.79,83505777,-2243.76,41752551,-11617.30,59754237,-12092.07,89064460,18773.00,65453860,-1504.02,67392071,-4022.34
19/11/2025,18923782,-1342.34,99819074,-4605.78,41186299,16525.22,50753932,-4219.35,18923782,9205.76,62647143,15133.36,71839426,4349.79,50753932,-12772.15,54193859,-107.74,50753932,-18183.21,54193859,14471.38,54193859,-5462.80
1/8/2025,59754237,-3241.06,62318408,-8370.24,65453860,3073.50,62318408,770.81,70642877,14248.91,99718207,12644.16,45974428,-659.04,75392636,12421.98,67053439,-6036.15,65453860,1323.02,80479769,-6314.66,62490848,7791.95,84455439,-7400.63
10/10/2024,85374516,12121.50,38507738,18799.75,38507738,14134.01,81730833,6827.01,70642877,19268.39
11/6/2025,77555095,19750.58,81890953,-10870.18,14398081,15113.50,18990676,13026.02,96248134,8658.11,41752551,7800.33,14398081,-6123.06,38099749,12915.17,58293594,-9967.20,70642877,-7382.66,38507738,6937.67,96248134,-5337.00,85374516,-18262.03
16/12/2025,38507738,-7307.73,90334731,14330.49,62318408,-16857.69,34277177,-8651.24,35968268,-16169.23,89064460,-7394.13,24376652,-14585.94,46751817,6636.26,80479769,-16598.50,94017458,-14082.69,49588036,15630.00,48980155,-7779.05
27/3/2025,54193859,15095.19,81730833,15173.95,18990676,6287.30,80479769,5552.81,21356056,10853.94,18923782,1668.83,56325275,-10144.85
23/2/2026,49777317,-9526.82,90334731,-9460.67,41186299,-3430.82,49777317,-9281.02,62318408,13401.25,81730833,-13993.61,56516447,40.25,35894393,9059.12,45974428,-1393.69,94017458,-1041.34
18/11/2024,38099749,-1972.10,77555095,-15274.06,36041699,3366.48,54437780,8149.20,24376652,-7599.51,11379018,6856.81,61438463,-11814.42
13/4/2026,86624675,287.77,38099749,-7187.44,24157763,-19967.48,38507738,2972.41,41752551,3631.07,18990676,1975.08,46261631,-7864.17,70642877,-3823.67,66924485,57.71,57121426,14363.85,86624675,-9003.18,85374516,4827.20,15792945,4471.50,83505777,14530.47,41186299,14026.81
20/5/2025,50954782,-5852.59,24376652,-11291.73,86624675,9075.24,24157763,-15493.22,71839426,10378.51,19661400,-12869.35,81890953,-2284.81,75392636,3725.61,16015071,8116.53,58293594,-8147.94,75392636,7477.07,54437780,11142.64,94909241,-5279.26
18/1/2026,75392636,10734.02,82950403,4380.84,48980155,-6507.37,86624675,-18405.69,38507738,11975.04,59754237,-983.53,55744475,11547.47,66924485,-9549.44,57121426,-14390.90,38507738,9371.00
1/2/2025,32229412,1011.84,24376652,10698.46,61438463,2001.30,61438463,-13227.87,49777317,-16390.47,11379018,13610.87,80009970,9927.89
18/10/2025,19343103,-4724.64,81730833,7369.04,82950403,18220.02,34277177,9181.19,81890953,6961.31,75392636,-14512.86,41752551,-669.34,80009970,3828.32
10/2/2025,89064460,-10918.84,84455439,-12408.13,15544912,-8273.44,41186299,-15410.40,80009970,-3950.75,94909241,-11093.47,67392071,19843.91
10/11/2025,66924485,-12632.93,38099749,7413.53,89064460,-8746.10,77555095,-19811.81,38507738,-16629.18,58293594,-6591.93,34277177,-11294.93,83505777,3618.90
20/11/2025,54193859,-19688.62,55744475,789.00,16015071,13561.86,11379018,-1217.06,64627562,1935.78,70642877,13322.82,35894393,7882.54,62647143,-19568.16,14398081,15745.65,50753932,-12314.38,16721636,-8012.85,85374516,-5976.37
10/3/2025,71839426,2875.66,35894393,-4697.21,80479769,11227.42,59754237,-18982.39,30626250,5748.17,82950403,-4243.48,34277177,2709.64
5/4/2025,15544912,5134.14,58293594,361.46,24376652,2634.88,65453860,-11861.40,15544912,-15845.42,21356056,11722.39,99718207,-15868.01
28/1/2025,99819074,-16494.28,67053439,6694.29,32229412,2627.38,49777317,17885.97,15792945,10762.89,89064460,7086.21,50753932,-9662.24
23/4/2025,34277177,-19559.04,54437780,-2172.64,21356056,-1043.03,18923782,6008.63,36041699,2538.31,15544912,-17760.11,16015071,18178.90
6/7/2025,19343103,9869.64,59754237,-14686.60,99718207,13538.35,18027503,-9259.54,86624675,14918.73,30626250,16342.56,21356056,16533.74,15544912,12496.39,65453860,-9660.51,56516447,-15665.36,58293594,-1495.97,38507738,-13109.75,11379018,6796.60
27/2/2025,16015071,1724.24,18990676,186.67,50753932,15093.84,67053439,4696.90,61438463,-4833.02,41186299,-10329.29,30626250,15867.61
2/6/2025,36041699,-2636.91,86624675,-9284.41,56325275,-16750.67,70642877,6266.02,14398081,-3171.47,55744475,5595.07,96248134,-17434.78,64584439,16964.43,18990676,-1444.43,62647143,73.51,64584439,-5237.59,90334731,-6973.65,50323749,17361.45
8/2/2026,56516447,-14990.72,71839426,18580.17,19343103,-13701.49,61438463,17637.58,24157763,-1201.46,49588036,11237.21,24376652,16530.85,48980155,-13183.15,54193859,11930.21,46751817,13680.70
1/3/2025,41186299,17066.82,16015071,2061.01,61438463,-7603.02,75392636,-1601.64,80009970,14528.07,81730833,-6633.51,62647143,13293.97
26/2/2026,18923782,2770.46,19343103,18673.19,49588036,19583.14,71839426,16338.07,19661400,-11688.87,56325275,-12611.91,62490848,13195.03,75426881,-1624.84,90334731,19128.12,80009970,-12227.46
3/5/2025,24157763,11953.78,35968268,1899.73,64627562,2481.43,62318408,-19012.88,18027503,12147.81,19661400,17618.95,85374516,2773.42,36041699,3498.37,96248134,7741.91,84455439,2140.85,50753932,15298.32,24376652,2522.82,62318408,-5021.08
3/10/2025,94017458,17215.76,18027503,-9789.51,84455439,13010.49,80009970,1499.85,50753932,-4590.00,96248134,-11800.04,58477632,-9647.61,58293594,11630.78,79045799,-12890.19,99718207,3632.96,12807889,-16558.00,64627562,-19124.29,48980155,17187.03
15/4/2026,15544912,-17506.70,90334731,15778.75,67053439,-9453.71,80479769,1269.82,62318408,-13000.58,62490848,-7249.03,58477632,-9601.22,64627562,-11807.89,16015071,-7837.27,62647143,-14353.00,15792945,11521.06,85374516,8198.44,99819074,-16123.57,46261631,-6445.43,35894393,15595.20
16/1/2026,50954782,13091.97,57121426,14318.00,85374516,-7161.36,94017458,1704.36,24157763,13161.53,54437780,-8987.31,94909241,-14768.94,16015071,19905.75,58477632,1827.41,66924485,-859.76
20/12/2024,81890953,-16375.87,62490848,14707.84,70642877,-19842.66,99718207,14536.59,62318408,10590.27,80009970,18616.68,49588036,10379.36
23/9/2025,55744475,19554.58,50954782,9624.14,49777317,19539.84,80009970,10305.52,94017458,-16192.07,11379018,14773.74,19343103,-12233.99,49777317,-13987.50,69702125,-8096.88,19343103,-4660.32,99718207,-14422.56,38507738,19412.21,18990676,3856.16
30/3/2025,62318408,10247.82,57121426,10406.61,71839426,19287.10,19343103,-14392.25,35968268,-7175.96,16721636,17182.16,86624675,1677.28
28/1/2026,81730833,-4295.19,75392636,16644.03,57121426,-13160.49,41752551,13171.13,16015071,-2357.54,16015071,12747.29,67392071,-11231.76,85374516,-8403.42,89064460,-9291.14,67392071,4542.46
21/11/2024,75392636,7238.87,82950403,14427.80,80009970,16190.68,71839426,-9325.05,41752551,-13161.30,50323749,-5907.13,96248134,16789.81
4/10/2024,50753932,-18987.16,80009970,18103.05,75426881,19632.53,50753932,19964.56,15792945,12271.89
20/7/2025,18027503,3778.12,58293594,-10265.27,64584439,3988.28,70642877,9090.63,79045799,-10477.52,99819074,11405.03,84455439,-15811.67,38099749,19151.56,41752551,7103.09,84455439,2936.24,38099749,-16617.98,61438463,-2735.42,83505777,-13323.66
11/9/2025,67392071,8855.97,41752551,11470.72,49588036,15800.48,75392636,-10469.62,14398081,-2404.72,49588036,6280.05,56516447,-12088.63,64584439,10884.35,81730833,-13832.63,62490848,-15040.99,45974428,829.38,49588036,10958.54,85374516,873.82
24/12/2024,14398081,-16602.81,56325275,6578.34,62647143,-3911.45,16721636,18999.40,69702125,3110.04,50323749,1013.70,46751817,-13169.88
4/2/2025,15792945,12800.63,59754237,13964.81,16721636,19640.94,41752551,-14109.29,58293594,-6336.22,84455439,12118.34,70642877,3122.77
25/7/2025,75392636,-135.76,62318408,13825.03,75392636,14442.28,32229412,-1105.18,67053439,226.18,30626250,9656.62,62318408,2269.98,61438463,-3270.31,75392636,-5796.06,18990676,-11411.73,90334731,-11363.85,94909241,15178.61,83505777,-8981.62
9/4/2026,59754237,7166.03,16721636,-14698.81,85374516,-7990.42,32229412,327.60,38099749,1135.90,15792945,7341.37,45974428,-17553.30,55744475,3396.28,49777317,8122.88,62318408,-4967.02,56325275,10769.81,62647143,1845.25,82950403,19651.58,16015071,-14635.34,12807889,-564.14
25/11/2025,18990676,-16654.18,32229412,-5541.57,84455439,-7816.77,57121426,3524.25,74183799,17210.00,12807889,19703.08,15544912,19894.08,19343103,-18499.01,69702125,8548.55,38507738,14162.00,12807889,-355.06,59754237,-2598.91
28/10/2024,79045799,-10682.96,35968268,11364.02,38099749,19672.93,64584439,-7831.01,16721636,1887.41
6/12/2024,77555095,14785.63,38099749,-8344.92,71839426,-10939.88,50954782,12751.33,35968268,12395.78,21356056,5698.56,54437780,-16351.67
31/7/2025,50954782,19041.47,82950403,11753.91,82950403,-13441.53,45974428,19663.46,49777317,-13617.50,18027503,-8974.84,58293594,14704.79,69702125,10861.04,49777317,19443.19,35968268,16960.31,49777317,10377.56,80009970,8322.75,94017458,-10431.74
25/10/2024,67392071,-3982.71,67053439,6468.97,24157763,-738.37,49588036,-15604.90,59754237,4424.75
15/10/2024,57121426,11246.84,90334731,-1454.57,16015071,-6125.35,16721636,-2178.86,75392636,-8039.40
29/8/2025,81890953,-7765.13,96248134,-15503.09,80009970,-9475.27,16721636,10129.34,57121426,3480.22,70642877,-8370.22,58477632,-12789.87,85374516,-7012.03,18027503,15384.21,74183799,-7086.66,49777317,-10349.17,21356056,17569.24,56325275,-13859.69
9/5/2026,50954782,11776.73,59754237,-9618.01,46751817,4558.32,41752551,-18449.28,19343103,4395.70,56325275,9834.78,50323749,-18365.24,66924485,17341.82,57121426,14936.28,62318408,-664.46,55744475,7654.07,67053439,-5874.82,54437780,8792.13,85374516,-6629.95,65453860,14689.77
3/12/2024,58477632,-16347.53,55744475,-11327.72,56325275,-11701.24,66924485,-10485.46,19661400,15226.65,74183799,9442.24,45974428,7920.51
31/12/2025,66924485,2384.01,11379018,-5416.93,69702125,-8465.70,50753932,15598.41,15544912,-9277.16,74183799,-19673.45,62490848,-7237.53,21356056,12912.52,65453860,2954.11,62490848,6736.94
6/11/2024,24376652,-13000.19,24157763,5840.88,69702125,7684.52,38099749,-14516.39,50954782,10792.83
25/3/2026,69702125,6516.42,81890953,3622.15,58293594,-18465.57,65453860,-1125.85,36041699,-6949.55,81730833,3444.16,12807889,-17911.84,35894393,17346.59,62490848,-19642.07,24157763,-14583.42,67053439,-17869.27,38507738,18300.72,56516447,12117.39,41752551,-18476.27,48980155,9846.46
17/9/2025,38507738,-12375.89,55744475,-6883.31,61438463,7449.27,61438463,-1879.79,46261631,15392.09,65453860,-5472.51,38099749,12691.80,67053439,17321.96,56516447,11414.42,58293594,-8391.27,34277177,4153.66,21356056,-10635.39,70642877,5577.32
15/1/2025,75392636,2309.52,90334731,-12489.34,18027503,-12475.04,64627562,-4636.67,19661400,-3990.50,41752551,-13986.46,15544912,18187.55
14/4/2025,32229412,10020.04,81890953,-14186.72,54437780,15185.78,38099749,-15397.60,69702125,-7922.20,38507738,2266.97,34277177,1153.97
8/10/2025,74183799,13394.61,96248134,-3446.34,16721636,13044.87,96248134,3589.30,77555095,-12776.84,80009970,-14364.22,57121426,15147.63,50323749,19582.96
25/1/2025,19661400,8090.26,96248134,-12318.16,21356056,-10554.00,64627562,17647.17,54437780,-19997.68,24376652,19466.08,80009970,-12023.22
13/2/2026,45974428,7152.71,71839426,13052.57,80479769,-18364.29,58477632,8128.06,67392071,11991.48,94909241,14666.64,65453860,19685.27,46751817,-9401.48,81730833,-2958.43,50954782,-1721.05
4/7/2025,61438463,-17522.07,75426881,-16871.30,82950403,16136.22,75426881,8272.20,48980155,-10069.76,19661400,-18656.45,55744475,-4612.26,50323749,-12872.90,18923782,10858.58,18923782,12390.12,35894393,-19542.75,35968268,-12917.40,67392071,7004.44
11/3/2026,99718207,-11560.91,49588036,-15461.00,34277177,8369.38,94017458,2727.76,64627562,-17131.05,50954782,-10485.79,16721636,-18134.16,85374516,-42.60,19661400,16278.28,45974428,19067.60
17/4/2026,69702125,-10920.94,96248134,-6974.65,66924485,3496.62,14398081,6911.69,86624675,-3792.22,83505777,13664.76,15792945,16167.02,62647143,7624.66,77555095,-7105.23,15544912,-1266.26,67053439,-10903.93,83505777,-16702.07,30626250,-12389.08,81890953,-1128.88,12807889,-16763.68
6/4/2026,65453860,-6591.87,41752551,-12260.06,75426881,4711.56,35894393,-7105.34,99819074,19396.53,36041699,-9078.61,19661400,13729.28,94017458,11320.37,38507738,-8742.43,32229412,8674.04,84455439,4219.40,77555095,6795.63,67053439,-8118.83,46261631,-9797.16,58293594,-4833.80
16/10/2025,96248134,-11777.16,56325275,-15764.78,74183799,17929.26,45974428,-1082.72,82950403,9276.15,32229412,-315.64,70642877,4593.87,59754237,19812.93
19/9/2025,70642877,-16352.72,59754237,3337.89,24376652,1819.45,75426881,18066.90,59754237,18156.46,18027503,-8546.67,34277177,8930.09,57121426,-4147.75,24157763,7377.37,21356056,14973.30,21356056,18289.73,45974428,-18338.87,46751817,7114.94
5/2/2025,99819074,261.47,58293594,-289.17,16721636,16589.24,61438463,-5153.34,41186299,9435.18,36041699,-17364.46,38507738,-19652.97
8/12/2025,75426881,8659.27,56516447,-3878.37,99718207,12365.54,24376652,-16666.09,81890953,-8065.28,45974428,7325.63,62647143,272.21,41752551,-10856.47,35968268,-16604.95,18027503,-2420.19,90334731,-6232.91,30626250,-8658.50
9/3/2026,84455439,-12024.02,50753932,12818.81,24376652,6804.90,67053439,-19294.20,80009970,7711.27,59754237,-8248.19,84455439,-13058.08,75426881,-11776.03,38099749,-5912.27,16721636,-7575.07
18/5/2025,77555095,3867.25,49777317,18024.01,16015071,-8515.30,67053439,-1686.77,46261631,-13803.29,21356056,-18833.78,41186299,-5018.92,96248134,10711.64,62318408,3926.15,45974428,-4245.83,84455439,14850.72,99718207,-4986.93,58293594,16883.72
29/9/2025,14398081,-15008.39,34277177,5203.20,62318408,16418.74,18990676,-13762.06,80009970,12039.33,48980155,19074.33,16721636,-559.65,50753932,-677.93,61438463,2248.74,80479769,18695.99,11379018,-1319.92,58477632,-12239.12,99718207,16243.07
5/10/2025,94909241,18595.61,67392071,15385.96,49588036,-14212.57,46751817,-17541.53,89064460,5072.91,75392636,-9888.27,18923782,8292.49,58293594,44.49,45974428,1981.08,80479769,-18749.90,85374516,-4406.86,74183799,-5442.25,19661400,-19852.46
16/2/2025,80009970,-3504.74,16015071,-8781.18,89064460,-14425.28,61438463,-4860.43,38099749,-17236.86,38507738,2474.32,64627562,-10497.83
3/4/2025,45974428,11506.26,32229412,19537.84,94909241,-8850.30,99718207,18507.11,65453860,-13231.41,62647143,3872.68,79045799,-9556.29
2/8/2025,67392071,16643.74,96248134,-6218.43,75392636,12164.14,64584439,-14437.79,19343103,841.52,86624675,-11122.65,99718207,-15474.61,48980155,11622.81,59754237,-15127.93,18990676,14098.39,59754237,-14935.60,32229412,-11550.36,38099749,-18466.04
6/5/2026,67053439,13741.89,80009970,14093.72,55744475,-3654.18,19661400,12922.64,81730833,-13819.73,12807889,-6300.37,46261631,-10474.70,36041699,13648.16,67053439,-19033.66,67392071,17683.42,83505777,-6958.07,15792945,8680.41,56325275,-5519.99,96248134,17269.07,34277177,19316.99
14/7/2025,77555095,8680.08,64627562,18148.85,59754237,-18934.68,56516447,14280.75,77555095,-5269.86,56516447,12302.72,16721636,15741.09,82950403,6144.67,79045799,7698.99,58293594,-16685.58,80009970,-1362.25,16015071,-9563.11,48980155,-1902.24
19/2/2025,38099749,-17726.81,74183799,-19933.70,35894393,-2444.43,84455439,-8284.00,48980155,18891.75,94909241,-4407.61,38099749,-1261.15
21/1/2026,55744475,-984.58,59754237,-2841.08,89064460,-18534.36,14398081,-15530.59,58293594,10226.57,15792945,-8127.47,45974428,-6170.74,15544912,-9892.89,24157763,-15941.16,41752551,-8112.81
28/4/2025,19661400,12423.94,56325275,-5543.81,96248134,-10935.76,56325275,4398.75,15792945,3078.24,24376652,3906.78,65453860,-19768.06
20/10/2025,62318408,-1000.70,55744475,11151.89,38099749,4741.98,32229412,-5114.41,50323749,-849.19,85374516,-6102.90,19661400,-9982.53,86624675,-19559.58
14/11/2024,30626250,12663.35,15544912,10750.98,86624675,9685.65,75392636,2644.03,50323749,4719.81
14/1/2026,66924485,19353.08,75426881,-8670.89,64584439,6528.19,41186299,19523.59,58293594,-4449.94,45974428,9895.72,84455439,10684.26,67053439,14590.80,86624675,12473.79,62318408,-6352.63
17/2/2026,84455439,16261.01,18990676,12677.49,32229412,4603.79,55744475,3673.67,41752551,17099.53,12807889,17159.38,50954782,-7363.46,50323749,7504.60,58477632,-5537.42,19343103,4299.81
25/6/2025,62318408,6847.21,64584439,-7104.64,79045799,14498.99,48980155,11396.64,50954782,2260.62,99819074,18433.34,32229412,-4407.25,49777317,-2819.35,62490848,15635.57,81890953,15635.85,64627562,-5192.85,18027503,3610.18,50753932,7651.84
27/9/2025,85374516,8151.26,45974428,-9631.57,15792945,-5171.80,50954782,15044.92,74183799,6321.11,89064460,-15699.31,71839426,-11759.28,34277177,-550.54,61438463,-10696.42,41186299,-17491.06,21356056,8840.76,79045799,11174.66,24157763,-19990.29
12/5/2025,45974428,4599.32,57121426,-14101.01,24157763,-3708.96,70642877,233.35,83505777,-14558.95,24376652,-11261.31,35968268,5203.58,24157763,12075.55,67392071,19754.02,62647143,4040.15,41186299,10469.22,57121426,11523.22,18923782,-1228.50
29/10/2025,64627562,15287.61,54437780,7190.66,19343103,10197.13,66924485,13176.07,67053439,16093.38,84455439,6136.64,66924485,188.77,12807889,-9430.23
20/4/2025,50323749,-14334.06,75392636,-6150.47,30626250,-13950.91,65453860,-15470.52,82950403,-14439.49,45974428,14072.88,34277177,2310.61
24/8/2025,69702125,-17192.27,96248134,-3738.33,66924485,-1997.47,62647143,11916.60,62490848,-10579.79,38507738,9778.11,19661400,5649.23,50323749,15632.26,41752551,4782.16,71839426,-9439.39,48980155,-15597.24,56516447,6334.94,54193859,-1398.07
1/5/2026,67392071,9362.14,62647143,-9421.37,38099749,-8432.45,65453860,15738.83,35968268,17762.14,19661400,-850.24,38507738,-16066.29,62647143,4282.48,41186299,-12366.66,94909241,4845.98,99718207,-4418.99,49777317,-3428.68,14398081,9679.61,55744475,1424.84,61438463,-17494.55
15/6/2025,49588036,-17648.73,32229412,15101.10,99718207,-3729.89,38507738,-7563.54,19661400,19411.18,94909241,-11044.35,19343103,-18442.89,96248134,-12623.66,99718207,-3199.59,24157763,-10108.62,81730833,-3259.14,75426881,13554.62,58293594,13381.10
4/9/2025,58293594,-8550.84,62318408,6848.62,38507738,19148.47,56516447,-19337.94,15792945,16736.82,12807889,-9144.20,94909241,10118.16,36041699,15458.46,50954782,12579.89,56516447,6481.92,56325275,16142.86,36041699,-8770.73,75426881,-6132.85
19/1/2026,70642877,19469.40,46751817,-13276.19,14398081,-4569.70,83505777,-11979.68,62318408,3813.38,18027503,12022.82,90334731,4291.48,50753932,5240.06,38099749,-17849.82,58293594,-13446.15
9/5/2025,15544912,-6220.31,38507738,-1749.61,50323749,7282.74,18923782,1692.80,32229412,-14323.66,19343103,2950.14,16015071,-214.29,94909241,-6771.88,89064460,9808.42,24376652,-16230.62,81890953,-4029.06,79045799,-8649.04,80009970,16044.36
16/10/2024,18027503,7956.62,16721636,-4914.28,84455439,14277.70,12807889,1573.48,50954782,-13334.68
16/3/2025,55744475,10093.27,86624675,16533.63,35894393,4687.49,35968268,12578.62,89064460,-7528.91,94017458,-400.78,64584439,4622.10
17/10/2024,58293594,-16050.95,19661400,4828.77,15792945,-80.80,62318408,-687.59,41752551,-19640.67
11/4/2025,58293594,-5915.26,24157763,-6854.48,45974428,11126.98,41752551,-12695.72,15544912,969.38,56325275,-18423.19,77555095,-13057.15
8/4/2025,14398081,13025.54,62647143,4303.66,16015071,15438.24,50954782,-19979.86,50753932,6667.98,62647143,-13645.16,24376652,-8338.71
5/8/2025,19343103,15174.17,45974428,-9287.13,50954782,7080.96,18027503,-11350.71,79045799,14519.89,35968268,14140.38,59754237,19408.50,56516447,8883.67,18990676,-3049.01,90334731,17304.29,62490848,16743.16,48980155,16161.31,62318408,19312.60
16/4/2025,36041699,-13504.92,65453860,19091.67,64627562,2682.50,69702125,8630.59,85374516,12271.73,50954782,-19222.61,75392636,-15990.72
4/6/2025,38099749,837.71,86624675,16140.62,65453860,-380.69,32229412,-11136.46,34277177,16102.16,67392071,6971.43,11379018,587.97,19661400,-5769.67,64584439,12144.96,38507738,-16508.59,54193859,3737.03,16721636,-14013.43,11379018,-8879.76
27/11/2025,79045799,-8522.55,99819074,-16862.47,71839426,-12432.28,56325275,9428.33,24376652,445.74,57121426,-12722.86,85374516,-13660.70,58477632,9552.98,14398081,9703.65,41752551,-11524.81,75426881,9823.02,18027503,5357.91
6/11/2025,94017458,-16385.33,62318408,15188.77,35968268,-8297.26,38507738,16269.42,70642877,-2032.95,67392071,-17381.79,56325275,-14206.80,90334731,-12436.42
20/8/2025,67053439,2649.78,62490848,-2427.15,66924485,-7720.98,54437780,5099.15,99819074,11929.08,19661400,-8116.28,75392636,-2573.84,80009970,-1040.74,58477632,2617.02,56516447,-1233.27,64584439,-14991.25,24157763,19792.09,64584439,-7161.39
24/5/2025,48980155,18623.90,81730833,1471.12,65453860,8447.24,50753932,-3474.48,45974428,-4241.85,64584439,15233.55,62318408,-9704.02,84455439,18759.47,35894393,-12251.95,35968268,11707.02,67392071,-16725.19,75426881,-5716.52,46261631,4211.67
29/10/2024,57121426,6110.88,58293594,19295.42,35968268,-14424.91,49777317,-3711.91,54437780,10094.11
4/12/2025,66924485,-16876.85,69702125,-10774.62,50954782,10458.01,69702125,-6311.62,15544912,881.77,49588036,7014.77,62318408,-12967.86,38507738,-4296.38,81890953,19541.42,16721636,18585.01,81730833,-10411.65,41752551,-11900.23
18/12/2025,59754237,13433.26,90334731,7085.24,64584439,-19438.03,16015071,-14605.83,48980155,10855.13,38099749,217.92,77555095,-8378.95,58293594,2420.46,99718207,-17676.26,94017458,-8258.45,96248134,-15451.39,38099749,132.98
19/6/2025,81730833,-10092.47,24376652,-7867.42,77555095,-3795.97,21356056,10449.20,41186299,13534.51,62647143,3616.68,45974428,-12262.58,82950403,-12083.44,96248134,769.37,62647143,-13892.20,24376652,-4638.33,35894393,1147.34,50753932,-11196.73
1/1/2026,65453860,6689.77,16721636,-7545.28,86624675,18826.46,30626250,17281.01,36041699,-8221.55,56325275,580.53,18923782,2803.13,15792945,17530.16,81890953,10044.84,55744475,16953.17
30/11/2024,67392071,19003.06,49588036,13946.12,99819074,16067.59,24376652,-2764.54,89064460,-685.65,46751817,15692.23,61438463,-14083.95
3/3/2026,99718207,-6052.76,24376652,-6801.41,48980155,2579.16,19661400,15876.33,38099749,16525.36,79045799,1654.29,58293594,-12446.72,54193859,-78.84,55744475,10088.69,15544912,-15027.03
29/6/2025,55744475,-3766.60,41186299,15927.79,50954782,10723.75,16015071,1536.79,15792945,-17506.74,67392071,12754.19,84455439,6742.17,46751817,3459.36,64627562,9195.63,49777317,12190.29,75426881,17912.11,12807889,-17389.01,71839426,-16788.09
19/2/2026,49588036,-3406.32,67053439,-6466.03,54437780,1315.92,15792945,5333.62,64584439,-11119.20,12807889,8507.33,66924485,-8536.82,30626250,2530.45,30626250,-5101.87,38507738,11717.93
6/2/2025,18923782,19513.22,12807889,-9223.20,24376652,-9459.23,36041699,-10908.83,96248134,13572.41,82950403,-18348.05,18027503,-9646.09
15/3/2025,50954782,-11843.57,61438463,-15867.22,81890953,-12840.36,67392071,-11985.80,57121426,-14769.48,62647143,-15508.70,21356056,-7411.84
21/10/2024,50753932,-5389.04,41752551,3978.29,84455439,-15154.73,56325275,-1802.84,11379018,6212.78
1/12/2025,24157763,4755.98,19661400,923.67,46261631,-10416.17,62318408,14402.34,58293594,-6514.39,58293594,-17584.32,41186299,15742.88,75392636,-9485.42,62318408,3103.59,59754237,8372.67,16721636,6005.52,24376652,-3765.21
25/1/2026,81890953,-18463.88,64584439,7726.61,67053439,12791.87,99819074,19942.29,18990676,11919.23,21356056,1340.04,65453860,15586.52,64584439,12366.96,18027503,11530.13,35894393,-8461.13
12/9/2025,15792945,-9589.91,62318408,16320.03,54437780,7345.94,94017458,-6456.51,96248134,9363.24,36041699,14662.07,94909241,-6520.03,59754237,15710.65,74183799,-3702.04,71839426,-8636.76,46261631,11541.48,80009970,-14015.32,50954782,-17039.50
9/1/2025,16721636,19581.79,16015071,7329.58,79045799,-15811.61,64584439,12657.90,45974428,445.26,84455439,-18600.83,18923782,5892.96
10/11/2024,94017458,3832.66,65453860,-3324.60,80479769,-15928.55,80009970,-19545.68,84455439,342.59
8/6/2025,50954782,-9484.31,75392636,-13209.17,30626250,-15032.43,94017458,-19807.19,54193859,915.64,21356056,13303.38,35894393,-10028.62,41752551,12942.01,89064460,-18689.40,58293594,7984.24,77555095,12782.84,46751817,18132.08,81890953,12044.56
30/9/2025,67392071,-10685.63,64584439,-834.46,86624675,-10001.31,18990676,-10126.83,67053439,2533.35,11379018,16265.22,62318408,-5020.37,50323749,11727.94,61438463,7179.57,69702125,-4228.56,12807889,-8303.36,56516447,14095.57,35894393,4486.72
10/7/2025,71839426,-1851.16,35968268,-16596.42,32229412,12048.55,34277177,-12314.74,50753932,8012.73,34277177,5429.34,77555095,13248.37,50954782,-18223.52,30626250,-16134.51,36041699,11107.93,77555095,100.72,77555095,-7781.37,14398081,16031.85
17/11/2025,55744475,-6285.21,94909241,19209.02,75426881,17567.50,61438463,6449.88,56516447,17201.70,86624675,11881.31,38099749,-7650.06,18027503,4401.74,18990676,3519.57,18990676,842.61,86624675,566.09,19343103,16797.45
30/1/2025,74183799,15605.08,83505777,4356.98,71839426,13531.66,49588036,2155.81,48980155,19672.47,46751817,-1866.10,50954782,19545.89
1/10/2024,66924485,-19889.99,59754237,371.67,16721636,11225.23,58477632,-16408.20,12807889,-7157.88
5/3/2025,81890953,4879.17,99819074,7308.35,94909241,-11171.34,21356056,17396.41,62318408,1399.29,49777317,-13451.71,32229412,7566.64
14/5/2025,77555095,12030.23,19661400,16650.09,49777317,-8959.89,94017458,13433.31,38099749,5784.19,82950403,-8698.61,64627562,-14144.09,61438463,2188.63,66924485,12413.97,62647143,4013.31,64584439,-14685.50,12807889,16588.83,74183799,-18237.09
20/3/2025,75426881,19257.53,85374516,-1216.03,84455439,-9249.27,18027503,-19490.02,54193859,11789.86,89064460,-17445.39,81730833,4536.80
12/2/2025,54437780,14337.05,32229412,-19573.05,61438463,-4307.57,82950403,19297.30,21356056,7057.68,56325275,11352.53,69702125,3080.09
30/11/2025,50323749,-536.34,34277177,-4729.33,67392071,5838.97,50323749,5202.26,81730833,17062.36,86624675,9712.23,18990676,-2924.24,50954782,9278.58,75392636,-17985.43,62647143,15096.88,14398081,-3554.53,41752551,17626.81
2/11/2025,56325275,2784.26,18923782,17972.76,82950403,-1210.34,75392636,4363.72,35968268,6036.52,67053439,10581.20,36041699,16136.19,56325275,2779.13
19/8/2025,65453860,-15250.43,59754237,-15272.26,30626250,6689.06,19343103,2183.20,70642877,-17876.09,71839426,15226.74,81890953,-10024.61,81890953,10235.88,54193859,-341.21,41186299,9453.10,16721636,9527.14,70642877,9951.11,48980155,5401.77
27/12/2025,79045799,-2353.64,35968268,61.22,56325275,-8537.77,16721636,5733.29,55744475,-2360.43,54437780,-17365.54,94017458,12863.93,56516447,-748.84,54437780,3192.58,48980155,-8804.95
22/4/2026,70642877,-3554.45,54437780,6206.25,62647143,8292.26,18027503,295.27,12807889,-19898.59,75392636,6322.26,58477632,-10120.39,96248134,-19041.42,69702125,-15789.14,45974428,-19900.03,36041699,14385.06,50954782,10402.27,38099749,19312.69,35894393,-18554.54,12807889,8878.41
18/12/2024,49588036,7797.93,84455439,7461.30,41752551,-14433.43,41186299,4032.11,19343103,-301.05,50323749,16955.43,11379018,13677.18
28/2/2026,89064460,9252.87,61438463,10176.11,24157763,-2638.67,46261631,-8070.29,57121426,12180.34,77555095,-14064.36,56325275,-14409.46,66924485,10357.08,99718207,7871.24,38099749,15708.31
12/8/2025,58477632,-14815.01,77555095,-13945.93,19343103,16087.78,49588036,-13245.87,46261631,10941.86,32229412,16579.34,19343103,-15893.50,34277177,-13809.48,57121426,17230.22,64627562,-19497.78,79045799,4591.27,74183799,-14220.45,49588036,18551.55
30/10/2024,41186299,-11786.09,16721636,19201.59,79045799,167.32,99819074,-12376.26,70642877,-5869.59
8/8/2025,49588036,-9610.89,41186299,812.54,58293594,-822.01,41186299,-7648.57,89064460,-19987.64,74183799,-8202.63,11379018,-12299.58,48980155,18601.07,18990676,5738.16,70642877,16107.23,38099749,15450.12,64584439,15631.50,59754237,-14747.89
24/4/2025,48980155,-1090.85,18990676,-10481.04,14398081,-18245.81,18923782,-4790.38,15544912,-9633.55,35894393,1645.42,82950403,3176.03
21/10/2025,80009970,9675.55,21356056,-19527.43,94017458,18791.49,30626250,-8589.70,71839426,1738.55,79045799,-1603.58,41186299,-19594.51,99819074,4941.39
5/1/2026,48980155,19348.46,62647143,2659.74,84455439,6766.44,38099749,9561.29,90334731,1062.69,71839426,12755.95,50954782,-7532.80,75426881,-11697.50,49588036,-15656.55,89064460,14339.59
23/3/2025,55744475,9518.11,19661400,-10962.09,61438463,359.87,64627562,-98.44,56516447,-4767.65,67053439,11948.71,61438463,-2621.05
15/9/2025,69702125,-3330.15,50753932,11147.13,58293594,-10873.50,56325275,11876.93,74183799,2410.35,48980155,-19228.90,36041699,-15761.08,50954782,14010.08,71839426,-13353.35,46751817,-14657.21,54193859,13702.60,18027503,-17899.37,50323749,17378.22
9/9/2025,59754237,-8966.00,48980155,18360.88,41752551,10758.59,18027503,10399.55,77555095,-12136.82,67053439,19432.50,56325275,-18277.83,58293594,5452.83,18027503,-7901.67,64627562,-12587.10,54193859,14295.01,24157763,-19519.00,38507738,16809.97
9/6/2025,48980155,-1805.71,80479769,2777.27,58477632,-7296.39,36041699,6637.81,64584439,-18303.58,64627562,3517.64,46261631,15445.53,74183799,6882.64,56516447,4771.23,50954782,-11131.97,96248134,16025.10,21356056,2683.02,18027503,17677.78
27/12/2024,36041699,-18313.13,54437780,-19716.50,46751817,-17952.80,48980155,4143.60,50323749,-9332.37,81730833,18506.34,64584439,16778.78
6/4/2025,50954782,8825.31,66924485,-95.84,19661400,11837.00,86624675,-8899.95,18027503,-10672.95,58293594,-3231.80,62647143,-1276.43
3/11/2024,64627562,7072.49,45974428,4849.25,58293594,-1911.67,24376652,-11134.26,75426881,1405.94
9/10/2024,48980155,-5231.07,74183799,-339.68,18990676,15665.06,11379018,931.58,54437780,-3271.40
26/8/2025,71839426,6511.44,48980155,6322.58,35968268,-11795.78,50753932,15376.86,58293594,-7926.00,75426881,7138.71,67053439,6613.19,46261631,-17825.33,86624675,-5996.66,36041699,10172.99,50323749,13188.16,83505777,-8532.79,74183799,16900.77
15/11/2025,71839426,-3232.10,55744475,12284.01,75392636,-4256.47,80009970,-6258.24,19343103,13396.66,86624675,-15627.37,62318408,11860.60,94909241,-4540.25,35894393,12797.76,64627562,1477.70,66924485,-16433.92,62318408,-4952.23
30/3/2026,89064460,9317.39,71839426,-5551.07,62490848,-5261.76,16015071,2834.77,75426881,-2441.24,81730833,18663.36,99718207,6955.41,19343103,-4192.49,83505777,4859.36,41752551,-18070.83,58477632,-9026.62,83505777,12980.68,14398081,8150.85,79045799,-9361.08,58477632,-11211.47
31/12/2024,85374516,1036.63,62490848,-16173.57,66924485,13272.51,32229412,-19889.46,65453860,17325.03,49777317,1298.28,81890953,-2045.82
30/1/2026,62318408,-10417.85,89064460,480.79,82950403,7182.81,80479769,-6547.54,34277177,11396.05,57121426,-144.18,49777317,18964.16,77555095,-6626.00,46751817,-10701.12,46751817,13446.39
26/5/2025,67392071,-13075.68,15792945,-11756.87,67053439,-19005.92,83505777,16206.80,84455439,-6733.60,66924485,-7544.37,12807889,19593.59,75392636,5169.68,56516447,18660.71,81890953,-8858.21,38099749,-3865.33,12807889,9394.02,94909241,-9753.59
30/12/2025,32229412,-5883.13,16721636,8532.96,74183799,1041.61,46261631,-616.35,16721636,3716.29,21356056,-15481.11,96248134,2416.30,77555095,7968.90,79045799,-10104.10,61438463,-1439.69
26/4/2026,99718207,-17010.40,35968268,-13347.44,62490848,16822.89,49777317,-17106.64,64627562,8019.55,96248134,-1975.76,50954782,3676.65,57121426,2214.55,32229412,12950.80,82950403,1919.77,64584439,-8682.48,64584439,-17617.38,46751817,14943.43,86624675,5761.46,86624675,-16601.54
10/1/2026,11379018,-6203.20,41752551,10171.15,64584439,7034.06,58293594,-9202.10,83505777,11661.18,21356056,13662.10,86624675,-17189.06,45974428,-17758.72,56325275,19216.74,66924485,-18773.91
25/10/2025,66924485,-3129.17,80479769,12034.04,80479769,-2974.23,94017458,-7271.78,90334731,-18909.02,62490848,15581.51,30626250,7467.59,94909241,-12804.05
30/4/2026,86624675,-10356.23,79045799,-5277.00,64584439,-19379.71,21356056,-14929.94,11379018,-813.42,71839426,5245.11,32229412,5283.89,56325275,11272.20,64584439,14585.80,46261631,-17719.71,77555095,16092.35,12807889,-16473.08,59754237,2523.93,41186299,-6186.12,24376652,-12846.27
16/8/2025,19661400,-15955.94,50323749,11100.98,99819074,15785.33,64584439,8073.20,62647143,-16627.19,96248134,11831.19,85374516,18996.19,90334731,-4462.01,84455439,18235.63,11379018,15832.18,58293594,8979.33,99819074,-14106.72,89064460,-2212.64
12/11/2025,19661400,18928.38,18027503,18539.78,82950403,-9720.26,38507738,10678.55,19343103,-1974.94,24157763,-6663.08,41186299,4042.83,11379018,-1166.26,75392636,-3314.73,75426881,4645.93,83505777,-19695.38,80009970,-18349.86
14/12/2024,57121426,-14831.07,24157763,-1558.74,58477632,7949.21,11379018,3076.16,74183799,-13647.16,64627562,-786.71,80479769,-10149.31
20/12/2025,19661400,8404.49,41186299,10402.81,81730833,4409.47,46261631,14394.46,84455439,10121.45,71839426,12411.69,21356056,18491.99,58293594,9921.82,94017458,-17483.86,30626250,1719.63,46751817,18979.66,54193859,3664.84
14/3/2025,24157763,-5911.23,50954782,1095.83,70642877,17590.34,46751817,-3433.19,46751817,-15645.39,61438463,-15312.10,18923782,-18167.43
12/10/2025,74183799,19100.26,81730833,7735.23,48980155,12211.24,66924485,-17516.58,62490848,12804.62,94017458,1777.59,18923782,722.27,96248134,-7567.56
6/1/2025,35968268,14963.15,71839426,9290.40,49588036,16275.67,57121426,-18709.87,41752551,11042.41,41752551,-6846.31,74183799,7860.40
18/7/2025,35894393,-17513.41,58477632,-7014.33,85374516,10336.69,55744475,10272.45,30626250,-8818.34,62318408,-11138.00,16721636,-1273.65,15792945,6950.40,56325275,17917.68,58477632,3111.25,74183799,-17194.72,15792945,-6246.42,19343103,10889.79
15/2/2025,15792945,6596.17,58293594,17467.20,30626250,7269.54,58477632,-7508.26,83505777,-14489.97,19343103,18013.10,50954782,-17338.14
22/3/2026,49777317,2062.20,58477632,-4181.34,64627562,13092.09,82950403,-17235.18,38507738,-449.07,16015071,-13708.96,41186299,5028.71,71839426,10875.73,85374516,14899.08,62490848,-9792.62,30626250,-1197.94,64584439,14283.92,41186299,-7110.45,38099749,-6960.10,94909241,9722.43
5/2/2026,57121426,-9569.65,50954782,-10909.30,18923782,3926.24,58477632,17270.99,56516447,10424.80,38507738,2388.94,45974428,10430.23,32229412,-13717.18,74183799,-233.47,81730833,-10270.48
21/11/2025,67053439,9060.17,11379018,12311.74,96248134,-15653.36,83505777,-4510.24,84455439,-2498.57,75392636,850.74,38099749,-5960.40,79045799,-19040.31,16721636,13602.94,75426881,3620.47,56516447,-1276.83,35894393,17888.05

